stt,name,content,Type
1,Ackermann,"A-Achtsam, C-Charakterstark, K-Kraftvoll, E-Echt, R-Respektvoll, M-Menschlich, A-Aufrichtig, N-Nahbar, N-Natürlich",
2,Adam,"A-Achtsam, D-Dankbar, A-Aufrichtig, M-Menschlich",
3,Adler,"A-Achtsam, D-Dankbar, L-Liebevoll, E-Echt, R-Respektvoll",
4,Ahrens,"A-Achtsam, H-Herzlich, R-Respektvoll, E-Echt, N-Nahbar, S-Stark",
5,Albers,"A-Achtsam, L-Liebevoll, B-Beständig, E-Echt, R-Respektvoll, S-Stark",
6,Albert,"A-Achtsam, L-Liebevoll, B-Beständig, E-Echt, R-Respektvoll, T-Treu",
7,Albrecht,"A-Achtsam, L-Liebevoll, B-Beständig, R-Respektvoll, E-Echt, C-Charakterstark, H-Herzlich, T-Treu",
8,Altmann,"A-Achtsam, L-Liebevoll, T-Treu, M-Menschlich, A-Aufrichtig, N-Nahbar, N-Natürlich",
9,Anders,"A-Achtsam, N-Nahbar, D-Dankbar, E-Echt, R-Respektvoll, S-Stark",
10,Appel,"A-Achtsam, P-Positiv, P-Präsent, E-Echt, L-Liebevoll",
11,Arndt,"A-Achtsam, R-Respektvoll, N-Nahbar, D-Dankbar, T-Treu",
12,Arnold,"A-Achtsam, R-Respektvoll, N-Nahbar, O-Offen, L-Liebevoll, D-Dankbar",
13,Auer,"A-Achtsam, U-Unkompliziert, E-Echt, R-Respektvoll",
14,Bach,"B-Beständig, A-Achtsam, C-Charakterstark, H-Herzlich",
15,Bachmann,"B-Beständig, A-Achtsam, C-Charakterstark, H-Herzlich, M-Menschlich, A-Aufrichtig, N-Nahbar, N-Natürlich",
16,Bader,"B-Beständig, A-Achtsam, D-Dankbar, E-Echt, R-Respektvoll",
17,Baier,"B-Beständig, A-Achtsam, I-Innig, E-Echt, R-Respektvoll",
18,Bartels,"B-Beständig, A-Achtsam, R-Respektvoll, T-Treu, E-Echt, L-Liebevoll, S-Stark",
19,Barth,"B-Beständig, A-Achtsam, R-Respektvoll, T-Treu, H-Herzlich",
20,Barthel,"B-Beständig, A-Achtsam, R-Respektvoll, T-Treu, H-Herzlich, E-Echt, L-Liebevoll",
21,Bartsch,"B-Beständig, A-Achtsam, R-Respektvoll, T-Treu, S-Stark, C-Charakterstark, H-Herzlich",
22,Bauer,"B-Beständig, A-Achtsam, U-Unkompliziert, E-Echt, R-Respektvoll",
23,Baum,"B-Beständig, A-Achtsam, U-Unkompliziert, M-Menschlich",
24,Baumann,"B-Beständig, A-Achtsam, U-Unkompliziert, M-Menschlich, A-Aufrichtig, N-Nahbar, N-Natürlich",
25,Baumgartner,"B-Beständig, A-Achtsam, U-Unkompliziert, M-Menschlich, G-Geliebt, A-Aufrichtig, R-Respektvoll, T-Treu, N-Nahbar, E-Echt, R-Ruhig",
26,Baur,"B-Beständig, A-Achtsam, U-Unkompliziert, R-Respektvoll",
27,Bayer,"B-Beständig, A-Achtsam, Y-Young-at-heart, E-Echt, R-Respektvoll",
28,Beck,"B-Beständig, E-Echt, C-Charakterstark, K-Kraftvoll",
29,Becker,"B-Beständig, E-Echt, C-Charakterstark, K-Kraftvoll, E-Ehrlich, R-Respektvoll",
30,Beckmann,"B-Beständig, E-Echt, C-Charakterstark, K-Kraftvoll, M-Menschlich, A-Achtsam, N-Nahbar, N-Natürlich",
31,Beer,"B-Beständig, E-Echt, E-Ehrlich, R-Respektvoll",
32,Behrendt,"B-Beständig, E-Echt, H-Herzlich, R-Respektvoll, E-Ehrlich, N-Nahbar, D-Dankbar, T-Treu",
33,Behrens,"B-Beständig, E-Echt, H-Herzlich, R-Respektvoll, E-Ehrlich, N-Nahbar, S-Stark",
34,Beier,"B-Beständig, E-Echt, I-Innig, E-Ehrlich, R-Respektvoll",
35,Bender,"B-Beständig, E-Echt, N-Nahbar, D-Dankbar, E-Ehrlich, R-Respektvoll",
36,Benz,"B-Beständig, E-Echt, N-Nahbar, Z-Zusammenhaltend",
37,Berg,"B-Beständig, E-Echt, R-Respektvoll, G-Geliebt",
38,Berger,"B-Beständig, E-Echt, R-Respektvoll, G-Geliebt, E-Ehrlich, R-Ruhig",
39,Bergmann,"B-Beständig, E-Echt, R-Respektvoll, G-Geliebt, M-Menschlich, A-Achtsam, N-Nahbar, N-Natürlich",
40,Berndt,"B-Beständig, E-Echt, R-Respektvoll, N-Nahbar, D-Dankbar, T-Treu",
41,Bernhardt,"B-Beständig, E-Echt, R-Respektvoll, N-Nahbar, H-Herzlich, A-Achtsam, R-Ruhig, D-Dankbar, T-Treu",
42,Bertram,"B-Beständig, E-Echt, R-Respektvoll, T-Treu, R-Ruhig, A-Achtsam, M-Menschlich",
43,Betz,"B-Beständig, E-Echt, T-Treu, Z-Zusammenhaltend",
44,Beyer,"B-Beständig, E-Echt, Y-Young-at-heart, E-Ehrlich, R-Respektvoll",
45,Binder,"B-Beständig, I-Innig, N-Nahbar, D-Dankbar, E-Echt, R-Respektvoll",
46,Bischoff,"B-Beständig, I-Innig, S-Stark, C-Charakterstark, H-Herzlich, O-Offen, F-Familienstark, F-Fest-verbunden",
47,Bittner,"B-Beständig, I-Innig, T-Treu, T-Tatkräftig, N-Nahbar, E-Echt, R-Respektvoll",
48,Blank,"B-Beständig, L-Liebevoll, A-Achtsam, N-Nahbar, K-Kraftvoll",
49,Block,"B-Beständig, L-Liebevoll, O-Offen, C-Charakterstark, K-Kraftvoll",
50,Blum,"B-Beständig, L-Liebevoll, U-Unkompliziert, M-Menschlich",
51,Bock,"B-Beständig, O-Offen, C-Charakterstark, K-Kraftvoll",
52,Bode,"B-Beständig, O-Offen, D-Dankbar, E-Echt",
53,Born,"B-Beständig, O-Offen, R-Respektvoll, N-Nahbar",
54,Brand,"B-Beständig, R-Respektvoll, A-Achtsam, N-Nahbar, D-Dankbar",
55,Brandl,"B-Beständig, R-Respektvoll, A-Achtsam, N-Nahbar, D-Dankbar, L-Liebevoll",
56,Brandt,"B-Beständig, R-Respektvoll, A-Achtsam, N-Nahbar, D-Dankbar, T-Treu",
57,Brauer,"B-Beständig, R-Respektvoll, A-Achtsam, U-Unkompliziert, E-Echt, R-Ruhig",
58,Braun,"B-Beständig, R-Respektvoll, A-Achtsam, U-Unkompliziert, N-Nahbar",
59,Bremer,"B-Beständig, R-Respektvoll, E-Echt, M-Menschlich, E-Ehrlich, R-Ruhig",
60,Brenner,"B-Beständig, R-Respektvoll, E-Echt, N-Nahbar, N-Natürlich, E-Ehrlich, R-Ruhig",
61,Breuer,"B-Beständig, R-Respektvoll, E-Echt, U-Unkompliziert, E-Ehrlich, R-Ruhig",
62,Brinkmann,"B-Beständig, R-Respektvoll, I-Innig, N-Nahbar, K-Kraftvoll, M-Menschlich, A-Achtsam, N-Natürlich, N-Nett",
63,Brunner,"B-Beständig, R-Respektvoll, U-Unkompliziert, N-Nahbar, N-Natürlich, E-Echt, R-Ruhig",
64,Bruns,"B-Beständig, R-Respektvoll, U-Unkompliziert, N-Nahbar, S-Stark",
65,Buchholz,"B-Beständig, U-Unkompliziert, C-Charakterstark, H-Herzlich, H-Hilfsbereit, O-Offen, L-Liebevoll, Z-Zusammenhaltend",
66,Buck,"B-Beständig, U-Unkompliziert, C-Charakterstark, K-Kraftvoll",
67,Burger,"B-Beständig, U-Unkompliziert, R-Respektvoll, G-Geliebt, E-Echt, R-Ruhig",
68,Burkhardt,"B-Beständig, U-Unkompliziert, R-Respektvoll, K-Kraftvoll, H-Herzlich, A-Achtsam, R-Ruhig, D-Dankbar, T-Treu",
69,Busch,"B-Beständig, U-Unkompliziert, S-Stark, C-Charakterstark, H-Herzlich",
70,Busse,"B-Beständig, U-Unkompliziert, S-Stark, S-Sympathisch, E-Echt",
71,Christ,"C-Charakterstark, H-Herzlich, R-Respektvoll, I-Innig, S-Stark, T-Treu",
72,Conrad,"C-Charakterstark, O-Offen, N-Nahbar, R-Respektvoll, A-Achtsam, D-Dankbar",
73,Decker,"D-Dankbar, E-Echt, C-Charakterstark, K-Kraftvoll, E-Ehrlich, R-Respektvoll",
74,Dick,"D-Dankbar, I-Innig, C-Charakterstark, K-Kraftvoll",
75,Diehl,"D-Dankbar, I-Innig, E-Echt, H-Herzlich, L-Liebevoll",
76,Dietrich,"D-Dankbar, I-Innig, E-Echt, T-Treu, R-Respektvoll, I-Inspirierend, C-Charakterstark, H-Herzlich",
77,Dietz,"D-Dankbar, I-Innig, E-Echt, T-Treu, Z-Zusammenhaltend",
78,Dittrich,"D-Dankbar, I-Innig, T-Treu, T-Tatkräftig, R-Respektvoll, I-Inspirierend, C-Charakterstark, H-Herzlich",
79,Dorn,"D-Dankbar, O-Offen, R-Respektvoll, N-Nahbar",
80,Drescher,"D-Dankbar, R-Respektvoll, E-Echt, S-Stark, C-Charakterstark, H-Herzlich, E-Ehrlich, R-Ruhig",
81,Dreyer,"D-Dankbar, R-Respektvoll, E-Echt, Y-Young-at-heart, E-Ehrlich, R-Ruhig",
82,Eberhardt,"E-Echt, B-Beständig, E-Ehrlich, R-Respektvoll, H-Herzlich, A-Achtsam, R-Ruhig, D-Dankbar, T-Treu",
83,Ebert,"E-Echt, B-Beständig, E-Ehrlich, R-Respektvoll, T-Treu",
84,Eckert,"E-Echt, C-Charakterstark, K-Kraftvoll, E-Ehrlich, R-Respektvoll, T-Treu",
85,Eder,"E-Echt, D-Dankbar, E-Ehrlich, R-Respektvoll",
86,Eggert,"E-Echt, G-Geliebt, G-Geborgen, E-Ehrlich, R-Respektvoll, T-Treu",
87,Ehlers,"E-Echt, H-Herzlich, L-Liebevoll, E-Ehrlich, R-Respektvoll, S-Stark",
88,Eichhorn,"E-Echt, I-Innig, C-Charakterstark, H-Herzlich, H-Hilfsbereit, O-Offen, R-Respektvoll, N-Nahbar",
89,Eichler,"E-Echt, I-Innig, C-Charakterstark, H-Herzlich, L-Liebevoll, E-Ehrlich, R-Respektvoll",
90,Elsner,"E-Echt, L-Liebevoll, S-Stark, N-Nahbar, E-Ehrlich, R-Respektvoll",
91,Engel,"E-Echt, N-Nahbar, G-Geliebt, E-Ehrlich, L-Liebevoll",
92,Engelhardt,"E-Echt, N-Nahbar, G-Geliebt, E-Ehrlich, L-Liebevoll, H-Herzlich, A-Achtsam, R-Respektvoll, D-Dankbar, T-Treu",
93,Engelmann,"E-Echt, N-Nahbar, G-Geliebt, E-Ehrlich, L-Liebevoll, M-Menschlich, A-Achtsam, N-Natürlich, N-Nett",
94,Engels,"E-Echt, N-Nahbar, G-Geliebt, E-Ehrlich, L-Liebevoll, S-Stark",
95,Erdmann,"E-Echt, R-Respektvoll, D-Dankbar, M-Menschlich, A-Achtsam, N-Nahbar, N-Natürlich",
96,Ernst,"E-Echt, R-Respektvoll, N-Nahbar, S-Stark, T-Treu",
97,Esser,"E-Echt, S-Stark, S-Sympathisch, E-Ehrlich, R-Respektvoll",
98,Faber,"F-Familienstark, A-Achtsam, B-Beständig, E-Echt, R-Respektvoll",
99,Falk,"F-Familienstark, A-Achtsam, L-Liebevoll, K-Kraftvoll",
100,Feldmann,"F-Familienstark, E-Echt, L-Liebevoll, D-Dankbar, M-Menschlich, A-Achtsam, N-Nahbar, N-Natürlich",
101,Fiedler,"F-Familienstark, I-Innig, E-Echt, D-Dankbar, L-Liebevoll, E-Ehrlich, R-Respektvoll",
102,Fink,"F-Familienstark, I-Innig, N-Nahbar, K-Kraftvoll",
103,Finke,"F-Familienstark, I-Innig, N-Nahbar, K-Kraftvoll, E-Echt",
104,Fischer,"F-Familienstark, I-Innig, S-Stark, C-Charakterstark, H-Herzlich, E-Echt, R-Respektvoll",
105,Fleischer,"F-Familienstark, L-Liebevoll, E-Echt, I-Innig, S-Stark, C-Charakterstark, H-Herzlich, E-Ehrlich, R-Respektvoll",
106,Fleischmann,"F-Familienstark, L-Liebevoll, E-Echt, I-Innig, S-Stark, C-Charakterstark, H-Herzlich, M-Menschlich, A-Achtsam, N-Nahbar, N-Natürlich",
107,Forster,"F-Familienstark, O-Offen, R-Respektvoll, S-Stark, T-Treu, E-Echt, R-Ruhig",
108,Frank,"F-Familienstark, R-Respektvoll, A-Achtsam, N-Nahbar, K-Kraftvoll",
109,Franke,"F-Familienstark, R-Respektvoll, A-Achtsam, N-Nahbar, K-Kraftvoll, E-Echt",
110,Franz,"F-Familienstark, R-Respektvoll, A-Achtsam, N-Nahbar, Z-Zusammenhaltend",
111,Freitag,"F-Familienstark, R-Respektvoll, E-Echt, I-Innig, T-Treu, A-Achtsam, G-Geliebt",
112,Frenzel,"F-Familienstark, R-Respektvoll, E-Echt, N-Nahbar, Z-Zusammenhaltend, E-Ehrlich, L-Liebevoll",
113,Freund,"F-Familienstark, R-Respektvoll, E-Echt, U-Unkompliziert, N-Nahbar, D-Dankbar",
114,Frey,"F-Familienstark, R-Respektvoll, E-Echt, Y-Young-at-heart",
115,Fricke,"F-Familienstark, R-Respektvoll, I-Innig, C-Charakterstark, K-Kraftvoll, E-Echt",
116,Friedrich,"F-Familienstark, R-Respektvoll, I-Innig, E-Echt, D-Dankbar, R-Ruhig, I-Inspirierend, C-Charakterstark, H-Herzlich",
117,Fries,"F-Familienstark, R-Respektvoll, I-Innig, E-Echt, S-Stark",
118,Fritsch,"F-Familienstark, R-Respektvoll, I-Innig, T-Treu, S-Stark, C-Charakterstark, H-Herzlich",
119,Fritz,"F-Familienstark, R-Respektvoll, I-Innig, T-Treu, Z-Zusammenhaltend",
120,Fuchs,"F-Familienstark, U-Unkompliziert, C-Charakterstark, H-Herzlich, S-Stark",
121,Fuhrmann,"F-Familienstark, U-Unkompliziert, H-Herzlich, R-Respektvoll, M-Menschlich, A-Achtsam, N-Nahbar, N-Natürlich",
122,Funk,"F-Familienstark, U-Unkompliziert, N-Nahbar, K-Kraftvoll",
123,Funke,"F-Familienstark, U-Unkompliziert, N-Nahbar, K-Kraftvoll, E-Echt",
124,Gabriel,"G-Geliebt, A-Achtsam, B-Beständig, R-Respektvoll, I-Innig, E-Echt, L-Liebevoll",
125,Gebauer,"G-Geliebt, E-Echt, B-Beständig, A-Achtsam, U-Unkompliziert, E-Ehrlich, R-Respektvoll",
126,Gebhardt,"G-Geliebt, E-Echt, B-Beständig, H-Herzlich, A-Achtsam, R-Respektvoll, D-Dankbar, T-Treu",
127,Geier,"G-Geliebt, E-Echt, I-Innig, E-Ehrlich, R-Respektvoll",
128,Geiger,"G-Geliebt, E-Echt, I-Innig, G-Geborgen, E-Ehrlich, R-Respektvoll",
129,Geisler,"G-Geliebt, E-Echt, I-Innig, S-Stark, L-Liebevoll, E-Ehrlich, R-Respektvoll",
130,Gerber,"G-Geliebt, E-Echt, R-Respektvoll, B-Beständig, E-Ehrlich, R-Ruhig",
131,Gerhardt,"G-Geliebt, E-Echt, R-Respektvoll, H-Herzlich, A-Achtsam, R-Ruhig, D-Dankbar, T-Treu",
132,Gerlach,"G-Geliebt, E-Echt, R-Respektvoll, L-Liebevoll, A-Achtsam, C-Charakterstark, H-Herzlich",
133,Geyer,"G-Geliebt, E-Echt, Y-Young-at-heart, E-Ehrlich, R-Respektvoll",
134,Giese,"G-Geliebt, I-Innig, E-Echt, S-Stark, E-Ehrlich",
135,Glaser,"G-Geliebt, L-Liebevoll, A-Achtsam, S-Stark, E-Echt, R-Respektvoll",
136,Gottschalk,"G-Geliebt, O-Offen, T-Treu, T-Tatkräftig, S-Stark, C-Charakterstark, H-Herzlich, A-Achtsam, L-Liebevoll, K-Kraftvoll",
137,Graf,"G-Geliebt, R-Respektvoll, A-Achtsam, F-Familienstark",
138,Greiner,"G-Geliebt, R-Respektvoll, E-Echt, I-Innig, N-Nahbar, E-Ehrlich, R-Ruhig",
139,Grimm,"G-Geliebt, R-Respektvoll, I-Innig, M-Menschlich, M-Markant",
140,Gross,"G-Geliebt, R-Respektvoll, O-Offen, S-Stark, S-Sympathisch",
141,Gruber,"G-Geliebt, R-Respektvoll, U-Unkompliziert, B-Beständig, E-Echt, R-Ruhig",
142,Haag,"H-Herzlich, A-Achtsam, A-Aufrichtig, G-Geliebt",
143,Haas,"H-Herzlich, A-Achtsam, A-Aufrichtig, S-Stark",
144,Haase,"H-Herzlich, A-Achtsam, A-Aufrichtig, S-Stark, E-Echt",
145,Hagemann,"H-Herzlich, A-Achtsam, G-Geliebt, E-Echt, M-Menschlich, A-Aufrichtig, N-Nahbar, N-Natürlich",
146,Hagen,"H-Herzlich, A-Achtsam, G-Geliebt, E-Echt, N-Nahbar",
147,Hahn,"H-Herzlich, A-Achtsam, H-Hilfsbereit, N-Nahbar",
148,Haller,"H-Herzlich, A-Achtsam, L-Liebevoll, L-Loyal, E-Echt, R-Respektvoll",
149,Hamann,"H-Herzlich, A-Achtsam, M-Menschlich, A-Aufrichtig, N-Nahbar, N-Natürlich",
150,Hammer,"H-Herzlich, A-Achtsam, M-Menschlich, M-Markant, E-Echt, R-Respektvoll",
151,Hanke,"H-Herzlich, A-Achtsam, N-Nahbar, K-Kraftvoll, E-Echt",
152,Hansen,"H-Herzlich, A-Achtsam, N-Nahbar, S-Stark, E-Echt, N-Natürlich",
153,Harms,"H-Herzlich, A-Achtsam, R-Respektvoll, M-Menschlich, S-Stark",
154,Hartmann,"H-Herzlich, A-Achtsam, R-Respektvoll, T-Treu, M-Menschlich, A-Aufrichtig, N-Nahbar, N-Natürlich",
155,Hartung,"H-Herzlich, A-Achtsam, R-Respektvoll, T-Treu, U-Unkompliziert, N-Nahbar, G-Geliebt",
156,Hartwig,"H-Herzlich, A-Achtsam, R-Respektvoll, T-Treu, W-Warmherzig, I-Innig, G-Geliebt",
157,Haupt,"H-Herzlich, A-Achtsam, U-Unkompliziert, P-Positiv, T-Treu",
158,Hauser,"H-Herzlich, A-Achtsam, U-Unkompliziert, S-Stark, E-Echt, R-Respektvoll",
159,Hausmann,"H-Herzlich, A-Achtsam, U-Unkompliziert, S-Stark, M-Menschlich, A-Aufrichtig, N-Nahbar, N-Natürlich",
160,Hecht,"H-Herzlich, E-Echt, C-Charakterstark, H-Hilfsbereit, T-Treu",
161,Heck,"H-Herzlich, E-Echt, C-Charakterstark, K-Kraftvoll",
162,Heil,"H-Herzlich, E-Echt, I-Innig, L-Liebevoll",
163,Heim,"H-Herzlich, E-Echt, I-Innig, M-Menschlich",
164,Hein,"H-Herzlich, E-Echt, I-Innig, N-Nahbar",
165,Heine,"H-Herzlich, E-Echt, I-Innig, N-Nahbar, E-Ehrlich",
166,Heinemann,"H-Herzlich, E-Echt, I-Innig, N-Nahbar, E-Ehrlich, M-Menschlich, A-Achtsam, N-Natürlich, N-Nett",
167,Heinrich,"H-Herzlich, E-Echt, I-Innig, N-Nahbar, R-Respektvoll, I-Inspirierend, C-Charakterstark, H-Hilfsbereit",
168,Heinz,"H-Herzlich, E-Echt, I-Innig, N-Nahbar, Z-Zusammenhaltend",
169,Heinze,"H-Herzlich, E-Echt, I-Innig, N-Nahbar, Z-Zusammenhaltend, E-Ehrlich",
170,Heise,"H-Herzlich, E-Echt, I-Innig, S-Stark, E-Ehrlich",
171,Held,"H-Herzlich, E-Echt, L-Liebevoll, D-Dankbar",
172,Heller,"H-Herzlich, E-Echt, L-Liebevoll, L-Loyal, E-Ehrlich, R-Respektvoll",
173,Hempel,"H-Herzlich, E-Echt, M-Menschlich, P-Positiv, E-Ehrlich, L-Liebevoll",
174,Henke,"H-Herzlich, E-Echt, N-Nahbar, K-Kraftvoll, E-Ehrlich",
175,Henkel,"H-Herzlich, E-Echt, N-Nahbar, K-Kraftvoll, E-Ehrlich, L-Liebevoll",
176,Hennig,"H-Herzlich, E-Echt, N-Nahbar, N-Natürlich, I-Innig, G-Geliebt",
177,Henning,"H-Herzlich, E-Echt, N-Nahbar, N-Natürlich, I-Innig, N-Nett, G-Geliebt",
178,Hensel,"H-Herzlich, E-Echt, N-Nahbar, S-Stark, E-Ehrlich, L-Liebevoll",
179,Hentschel,"H-Herzlich, E-Echt, N-Nahbar, T-Treu, S-Stark, C-Charakterstark, H-Hilfsbereit, E-Ehrlich, L-Liebevoll",
180,Herbst,"H-Herzlich, E-Echt, R-Respektvoll, B-Beständig, S-Stark, T-Treu",
181,Hermann,"H-Herzlich, E-Echt, R-Respektvoll, M-Menschlich, A-Achtsam, N-Nahbar, N-Natürlich",
182,Herold,"H-Herzlich, E-Echt, R-Respektvoll, O-Offen, L-Liebevoll, D-Dankbar",
183,Herrmann,"H-Herzlich, E-Echt, R-Respektvoll, R-Ruhig, M-Menschlich, A-Achtsam, N-Nahbar, N-Natürlich",
184,Herzog,"H-Herzlich, E-Echt, R-Respektvoll, Z-Zusammenhaltend, O-Offen, G-Geliebt",
185,Hess,"H-Herzlich, E-Echt, S-Stark, S-Sympathisch",
186,Hesse,"H-Herzlich, E-Echt, S-Stark, S-Sympathisch, E-Ehrlich",
187,Heuer,"H-Herzlich, E-Echt, U-Unkompliziert, E-Ehrlich, R-Respektvoll",
188,Hildebrandt,"H-Herzlich, I-Innig, L-Liebevoll, D-Dankbar, E-Echt, B-Beständig, R-Respektvoll, A-Achtsam, N-Nahbar, D-Direkt, T-Treu",
189,Hiller,"H-Herzlich, I-Innig, L-Liebevoll, L-Loyal, E-Echt, R-Respektvoll",
190,Hinrichs,"H-Herzlich, I-Innig, N-Nahbar, R-Respektvoll, I-Inspirierend, C-Charakterstark, H-Hilfsbereit, S-Stark",
191,Hinz,"H-Herzlich, I-Innig, N-Nahbar, Z-Zusammenhaltend",
192,Hirsch,"H-Herzlich, I-Innig, R-Respektvoll, S-Stark, C-Charakterstark, H-Hilfsbereit",
193,Hoffmann,"H-Herzlich, O-Offen, F-Familienstark, F-Fest-verbunden, M-Menschlich, A-Achtsam, N-Nahbar, N-Natürlich",
194,Hofmann,"H-Herzlich, O-Offen, F-Familienstark, M-Menschlich, A-Achtsam, N-Nahbar, N-Natürlich",
195,Hohmann,"H-Herzlich, O-Offen, H-Hilfsbereit, M-Menschlich, A-Achtsam, N-Nahbar, N-Natürlich",
196,Holz,"H-Herzlich, O-Offen, L-Liebevoll, Z-Zusammenhaltend",
197,Hoppe,"H-Herzlich, O-Offen, P-Positiv, P-Präsent, E-Echt",
198,Horn,"H-Herzlich, O-Offen, R-Respektvoll, N-Nahbar",
199,Huber,"H-Herzlich, U-Unkompliziert, B-Beständig, E-Echt, R-Respektvoll",
200,Hummel,"H-Herzlich, U-Unkompliziert, M-Menschlich, M-Markant, E-Echt, L-Liebevoll",
201,Jacob,"J-Jovial, A-Achtsam, C-Charakterstark, O-Offen, B-Beständig",
202,Jacobs,"J-Jovial, A-Achtsam, C-Charakterstark, O-Offen, B-Beständig, S-Stark",
203,Jahn,"J-Jovial, A-Achtsam, H-Herzlich, N-Nahbar",
204,Jakob,"J-Jovial, A-Achtsam, K-Kraftvoll, O-Offen, B-Beständig",
205,Jansen,"J-Jovial, A-Achtsam, N-Nahbar, S-Stark, E-Echt, N-Natürlich",
206,Janssen,"J-Jovial, A-Achtsam, N-Nahbar, S-Stark, S-Sympathisch, E-Echt, N-Natürlich",
207,John,"J-Jovial, O-Offen, H-Herzlich, N-Nahbar",
208,Jordan,"J-Jovial, O-Offen, R-Respektvoll, D-Dankbar, A-Achtsam, N-Nahbar",
209,Jost,"J-Jovial, O-Offen, S-Stark, T-Treu",
210,Jung,"J-Jovial, U-Unkompliziert, N-Nahbar, G-Geliebt",
211,Junker,"J-Jovial, U-Unkompliziert, N-Nahbar, K-Kraftvoll, E-Echt, R-Respektvoll",
212,Kaiser,"K-Kraftvoll, A-Achtsam, I-Innig, S-Stark, E-Echt, R-Respektvoll",
213,Karl,"K-Kraftvoll, A-Achtsam, R-Respektvoll, L-Liebevoll",
214,Kaufmann,"K-Kraftvoll, A-Achtsam, U-Unkompliziert, F-Familienstark, M-Menschlich, A-Aufrichtig, N-Nahbar, N-Natürlich",
215,Keil,"K-Kraftvoll, E-Echt, I-Innig, L-Liebevoll",
216,Keller,"K-Kraftvoll, E-Echt, L-Liebevoll, L-Loyal, E-Ehrlich, R-Respektvoll",
217,Kellner,"K-Kraftvoll, E-Echt, L-Liebevoll, L-Loyal, N-Nahbar, E-Ehrlich, R-Respektvoll",
218,Kern,"K-Kraftvoll, E-Echt, R-Respektvoll, N-Nahbar",
219,Kessler,"K-Kraftvoll, E-Echt, S-Stark, S-Sympathisch, L-Liebevoll, E-Ehrlich, R-Respektvoll",
220,Kiefer,"K-Kraftvoll, I-Innig, E-Echt, F-Familienstark, E-Ehrlich, R-Respektvoll",
221,Kirchner,"K-Kraftvoll, I-Innig, R-Respektvoll, C-Charakterstark, H-Herzlich, N-Nahbar, E-Echt, R-Ruhig",
222,Kirsch,"K-Kraftvoll, I-Innig, R-Respektvoll, S-Stark, C-Charakterstark, H-Herzlich",
223,Klaus,"K-Kraftvoll, L-Liebevoll, A-Achtsam, U-Unkompliziert, S-Stark",
224,Klein,"K-Kraftvoll, L-Liebevoll, E-Echt, I-Innig, N-Nahbar",
225,Klemm,"K-Kraftvoll, L-Liebevoll, E-Echt, M-Menschlich, M-Markant",
226,Klose,"K-Kraftvoll, L-Liebevoll, O-Offen, S-Stark, E-Echt",
227,Klotz,"K-Kraftvoll, L-Liebevoll, O-Offen, T-Treu, Z-Zusammenhaltend",
228,Kluge,"K-Kraftvoll, L-Liebevoll, U-Unkompliziert, G-Geliebt, E-Echt",
229,Knoll,"K-Kraftvoll, N-Nahbar, O-Offen, L-Liebevoll, L-Loyal",
230,Koch,"K-Kraftvoll, O-Offen, C-Charakterstark, H-Herzlich",
231,Kohl,"K-Kraftvoll, O-Offen, H-Herzlich, L-Liebevoll",
232,Kohler,"K-Kraftvoll, O-Offen, H-Herzlich, L-Liebevoll, E-Echt, R-Respektvoll",
233,Kolb,"K-Kraftvoll, O-Offen, L-Liebevoll, B-Beständig",
234,Konrad,"K-Kraftvoll, O-Offen, N-Nahbar, R-Respektvoll, A-Achtsam, D-Dankbar",
235,Kopp,"K-Kraftvoll, O-Offen, P-Positiv, P-Präsent",
236,Kraft,"K-Kraftvoll, R-Respektvoll, A-Achtsam, F-Familienstark, T-Treu",
237,Kramer,"K-Kraftvoll, R-Respektvoll, A-Achtsam, M-Menschlich, E-Echt, R-Ruhig",
238,Kranz,"K-Kraftvoll, R-Respektvoll, A-Achtsam, N-Nahbar, Z-Zusammenhaltend",
239,Kraus,"K-Kraftvoll, R-Respektvoll, A-Achtsam, U-Unkompliziert, S-Stark",
240,Krause,"K-Kraftvoll, R-Respektvoll, A-Achtsam, U-Unkompliziert, S-Stark, E-Echt",
241,Krebs,"K-Kraftvoll, R-Respektvoll, E-Echt, B-Beständig, S-Stark",
242,Kremer,"K-Kraftvoll, R-Respektvoll, E-Echt, M-Menschlich, E-Ehrlich, R-Ruhig",
243,Kretschmer,"K-Kraftvoll, R-Respektvoll, E-Echt, T-Treu, S-Stark, C-Charakterstark, H-Herzlich, M-Menschlich, E-Ehrlich, R-Ruhig",
244,Krieger,"K-Kraftvoll, R-Respektvoll, I-Innig, E-Echt, G-Geliebt, E-Ehrlich, R-Ruhig",
245,Kroll,"K-Kraftvoll, R-Respektvoll, O-Offen, L-Liebevoll, L-Loyal",
246,Krug,"K-Kraftvoll, R-Respektvoll, U-Unkompliziert, G-Geliebt",
247,Kruse,"K-Kraftvoll, R-Respektvoll, U-Unkompliziert, S-Stark, E-Echt",
248,Kuhlmann,"K-Kraftvoll, U-Unkompliziert, H-Herzlich, L-Liebevoll, M-Menschlich, A-Achtsam, N-Nahbar, N-Natürlich",
249,Kuhn,"K-Kraftvoll, U-Unkompliziert, H-Herzlich, N-Nahbar",
250,Kunz,"K-Kraftvoll, U-Unkompliziert, N-Nahbar, Z-Zusammenhaltend",
251,Kunze,"K-Kraftvoll, U-Unkompliziert, N-Nahbar, Z-Zusammenhaltend, E-Echt",
252,Kurz,"K-Kraftvoll, U-Unkompliziert, R-Respektvoll, Z-Zusammenhaltend",
253,Lang,"L-Liebevoll, A-Achtsam, N-Nahbar, G-Geliebt",
254,Lange,"L-Liebevoll, A-Achtsam, N-Nahbar, G-Geliebt, E-Echt",
255,Langer,"L-Liebevoll, A-Achtsam, N-Nahbar, G-Geliebt, E-Echt, R-Respektvoll",
256,Langner,"L-Liebevoll, A-Achtsam, N-Nahbar, G-Geliebt, N-Natürlich, E-Echt, R-Respektvoll",
257,Lauer,"L-Liebevoll, A-Achtsam, U-Unkompliziert, E-Echt, R-Respektvoll",
258,Lechner,"L-Liebevoll, E-Echt, C-Charakterstark, H-Herzlich, N-Nahbar, E-Ehrlich, R-Respektvoll",
259,Lehmann,"L-Liebevoll, E-Echt, H-Herzlich, M-Menschlich, A-Achtsam, N-Nahbar, N-Natürlich",
260,Lemke,"L-Liebevoll, E-Echt, M-Menschlich, K-Kraftvoll, E-Ehrlich",
261,Lenz,"L-Liebevoll, E-Echt, N-Nahbar, Z-Zusammenhaltend",
262,Lindemann,"L-Liebevoll, I-Innig, N-Nahbar, D-Dankbar, E-Echt, M-Menschlich, A-Achtsam, N-Natürlich, N-Nett",
263,Lindner,"L-Liebevoll, I-Innig, N-Nahbar, D-Dankbar, N-Natürlich, E-Echt, R-Respektvoll",
264,Link,"L-Liebevoll, I-Innig, N-Nahbar, K-Kraftvoll",
265,Linke,"L-Liebevoll, I-Innig, N-Nahbar, K-Kraftvoll, E-Echt",
266,Lohmann,"L-Liebevoll, O-Offen, H-Herzlich, M-Menschlich, A-Achtsam, N-Nahbar, N-Natürlich",
267,Lorenz,"L-Liebevoll, O-Offen, R-Respektvoll, E-Echt, N-Nahbar, Z-Zusammenhaltend",
268,Ludwig,"L-Liebevoll, U-Unkompliziert, D-Dankbar, W-Warmherzig, I-Innig, G-Geliebt",
269,Lutz,"L-Liebevoll, U-Unkompliziert, T-Treu, Z-Zusammenhaltend",
270,Lux,"L-Liebevoll, U-Unkompliziert, X-eXtra-verbunden",
271,Maas,"M-Menschlich, A-Achtsam, A-Aufrichtig, S-Stark",
272,Mack,"M-Menschlich, A-Achtsam, C-Charakterstark, K-Kraftvoll",
273,Mai,"M-Menschlich, A-Achtsam, I-Innig",
274,Maier,"M-Menschlich, A-Achtsam, I-Innig, E-Echt, R-Respektvoll",
275,Mann,"M-Menschlich, A-Achtsam, N-Nahbar, N-Natürlich",
276,Marquardt,"M-Menschlich, A-Achtsam, R-Respektvoll, Q-Qualitätsbewusst, U-Unkompliziert, A-Aufrichtig, R-Ruhig, D-Dankbar, T-Treu",
277,Martens,"M-Menschlich, A-Achtsam, R-Respektvoll, T-Treu, E-Echt, N-Nahbar, S-Stark",
278,Martin,"M-Menschlich, A-Achtsam, R-Respektvoll, T-Treu, I-Innig, N-Nahbar",
279,Marx,"M-Menschlich, A-Achtsam, R-Respektvoll, X-eXtra-verbunden",
280,Maurer,"M-Menschlich, A-Achtsam, U-Unkompliziert, R-Respektvoll, E-Echt, R-Ruhig",
281,May,"M-Menschlich, A-Achtsam, Y-Young-at-heart",
282,Mayer,"M-Menschlich, A-Achtsam, Y-Young-at-heart, E-Echt, R-Respektvoll",
283,Mayr,"M-Menschlich, A-Achtsam, Y-Young-at-heart, R-Respektvoll",
284,Meier,"M-Menschlich, E-Echt, I-Innig, E-Ehrlich, R-Respektvoll",
285,Meister,"M-Menschlich, E-Echt, I-Innig, S-Stark, T-Treu, E-Ehrlich, R-Respektvoll",
286,Menzel,"M-Menschlich, E-Echt, N-Nahbar, Z-Zusammenhaltend, E-Ehrlich, L-Liebevoll",
287,Merkel,"M-Menschlich, E-Echt, R-Respektvoll, K-Kraftvoll, E-Ehrlich, L-Liebevoll",
288,Mertens,"M-Menschlich, E-Echt, R-Respektvoll, T-Treu, E-Ehrlich, N-Nahbar, S-Stark",
289,Merz,"M-Menschlich, E-Echt, R-Respektvoll, Z-Zusammenhaltend",
290,Metz,"M-Menschlich, E-Echt, T-Treu, Z-Zusammenhaltend",
291,Metzger,"M-Menschlich, E-Echt, T-Treu, Z-Zusammenhaltend, G-Geliebt, E-Ehrlich, R-Respektvoll",
292,Meyer,"M-Menschlich, E-Echt, Y-Young-at-heart, E-Ehrlich, R-Respektvoll",
293,Michel,"M-Menschlich, I-Innig, C-Charakterstark, H-Herzlich, E-Echt, L-Liebevoll",
294,Michels,"M-Menschlich, I-Innig, C-Charakterstark, H-Herzlich, E-Echt, L-Liebevoll, S-Stark",
295,Miller,"M-Menschlich, I-Innig, L-Liebevoll, L-Loyal, E-Echt, R-Respektvoll",
296,Mohr,"M-Menschlich, O-Offen, H-Herzlich, R-Respektvoll",
297,Moll,"M-Menschlich, O-Offen, L-Liebevoll, L-Loyal",
298,Moritz,"M-Menschlich, O-Offen, R-Respektvoll, I-Innig, T-Treu, Z-Zusammenhaltend",
299,Moser,"M-Menschlich, O-Offen, S-Stark, E-Echt, R-Respektvoll",
300,Nagel,"N-Nahbar, A-Achtsam, G-Geliebt, E-Echt, L-Liebevoll",
301,Naumann,"N-Nahbar, A-Achtsam, U-Unkompliziert, M-Menschlich, A-Aufrichtig, N-Natürlich, N-Nett",
302,Neubauer,"N-Nahbar, E-Echt, U-Unkompliziert, B-Beständig, A-Achtsam, U-Umsichtig, E-Ehrlich, R-Respektvoll",
303,Neubert,"N-Nahbar, E-Echt, U-Unkompliziert, B-Beständig, E-Ehrlich, R-Respektvoll, T-Treu",
304,Neugebauer,"N-Nahbar, E-Echt, U-Unkompliziert, G-Geliebt, E-Ehrlich, B-Beständig, A-Achtsam, U-Umsichtig, E-Engagiert, R-Respektvoll",
305,Neuhaus,"N-Nahbar, E-Echt, U-Unkompliziert, H-Herzlich, A-Achtsam, U-Umsichtig, S-Stark",
306,Neumann,"N-Nahbar, E-Echt, U-Unkompliziert, M-Menschlich, A-Achtsam, N-Natürlich, N-Nett",
307,Nickel,"N-Nahbar, I-Innig, C-Charakterstark, K-Kraftvoll, E-Echt, L-Liebevoll",
308,Niemann,"N-Nahbar, I-Innig, E-Echt, M-Menschlich, A-Achtsam, N-Natürlich, N-Nett",
309,Noack,"N-Nahbar, O-Offen, A-Achtsam, C-Charakterstark, K-Kraftvoll",
310,Noll,"N-Nahbar, O-Offen, L-Liebevoll, L-Loyal",
311,Nolte,"N-Nahbar, O-Offen, L-Liebevoll, T-Treu, E-Echt",
312,Nowak,"N-Nahbar, O-Offen, W-Warmherzig, A-Achtsam, K-Kraftvoll",
313,Opitz,"O-Offen, P-Positiv, I-Innig, T-Treu, Z-Zusammenhaltend",
314,Oswald,"O-Offen, S-Stark, W-Warmherzig, A-Achtsam, L-Liebevoll, D-Dankbar",
315,Ott,"O-Offen, T-Treu, T-Tatkräftig",
316,Otte,"O-Offen, T-Treu, T-Tatkräftig, E-Echt",
317,Otto,"O-Offen, T-Treu, T-Tatkräftig, O-Optimistisch",
318,Pape,"P-Positiv, A-Achtsam, P-Präsent, E-Echt",
319,Paul,"P-Positiv, A-Achtsam, U-Unkompliziert, L-Liebevoll",
320,Peter,"P-Positiv, E-Echt, T-Treu, E-Ehrlich, R-Respektvoll",
321,Peters,"P-Positiv, E-Echt, T-Treu, E-Ehrlich, R-Respektvoll, S-Stark",
322,Petersen,"P-Positiv, E-Echt, T-Treu, E-Ehrlich, R-Respektvoll, S-Stark, E-Engagiert, N-Nahbar",
323,Petzold,"P-Positiv, E-Echt, T-Treu, Z-Zusammenhaltend, O-Offen, L-Liebevoll, D-Dankbar",
324,Pfaff,"P-Positiv, F-Familienstark, A-Achtsam, F-Fest-verbunden, F-Freundschaftlich",
325,Pfeifer,"P-Positiv, F-Familienstark, E-Echt, I-Innig, F-Fest-verbunden, E-Ehrlich, R-Respektvoll",
326,Pfeiffer,"P-Positiv, F-Familienstark, E-Echt, I-Innig, F-Fest-verbunden, F-Freundschaftlich, E-Ehrlich, R-Respektvoll",
327,Philipp,"P-Positiv, H-Herzlich, I-Innig, L-Liebevoll, I-Inspirierend, P-Präsent, P-Pflichtbewusst",
328,Pieper,"P-Positiv, I-Innig, E-Echt, P-Präsent, E-Ehrlich, R-Respektvoll",
329,Pietsch,"P-Positiv, I-Innig, E-Echt, T-Treu, S-Stark, C-Charakterstark, H-Herzlich",
330,Pohl,"P-Positiv, O-Offen, H-Herzlich, L-Liebevoll",
331,Popp,"P-Positiv, O-Offen, P-Präsent, P-Pflichtbewusst",
332,Prinz,"P-Positiv, R-Respektvoll, I-Innig, N-Nahbar, Z-Zusammenhaltend",
333,Probst,"P-Positiv, R-Respektvoll, O-Offen, B-Beständig, S-Stark, T-Treu",
334,Raab,"R-Respektvoll, A-Achtsam, A-Aufrichtig, B-Beständig",
335,Rabe,"R-Respektvoll, A-Achtsam, B-Beständig, E-Echt",
336,Radtke,"R-Respektvoll, A-Achtsam, D-Dankbar, T-Treu, K-Kraftvoll, E-Echt",
337,Rapp,"R-Respektvoll, A-Achtsam, P-Positiv, P-Präsent",
338,Rath,"R-Respektvoll, A-Achtsam, T-Treu, H-Herzlich",
339,Rau,"R-Respektvoll, A-Achtsam, U-Unkompliziert",
340,Rauch,"R-Respektvoll, A-Achtsam, U-Unkompliziert, C-Charakterstark, H-Herzlich",
341,Rausch,"R-Respektvoll, A-Achtsam, U-Unkompliziert, S-Stark, C-Charakterstark, H-Herzlich",
342,Reich,"R-Respektvoll, E-Echt, I-Innig, C-Charakterstark, H-Herzlich",
343,Reichel,"R-Respektvoll, E-Echt, I-Innig, C-Charakterstark, H-Herzlich, E-Ehrlich, L-Liebevoll",
344,Reichert,"R-Respektvoll, E-Echt, I-Innig, C-Charakterstark, H-Herzlich, E-Ehrlich, R-Ruhig, T-Treu",
345,Reimann,"R-Respektvoll, E-Echt, I-Innig, M-Menschlich, A-Achtsam, N-Nahbar, N-Natürlich",
346,Reimer,"R-Respektvoll, E-Echt, I-Innig, M-Menschlich, E-Ehrlich, R-Ruhig",
347,Reinhardt,"R-Respektvoll, E-Echt, I-Innig, N-Nahbar, H-Herzlich, A-Achtsam, R-Ruhig, D-Dankbar, T-Treu",
348,Reiter,"R-Respektvoll, E-Echt, I-Innig, T-Treu, E-Ehrlich, R-Ruhig",
349,Renner,"R-Respektvoll, E-Echt, N-Nahbar, N-Natürlich, E-Ehrlich, R-Ruhig",
350,Reuter,"R-Respektvoll, E-Echt, U-Unkompliziert, T-Treu, E-Ehrlich, R-Ruhig",
351,Richter,"R-Respektvoll, I-Innig, C-Charakterstark, H-Herzlich, T-Treu, E-Echt, R-Ruhig",
352,Riedel,"R-Respektvoll, I-Innig, E-Echt, D-Dankbar, E-Ehrlich, L-Liebevoll",
353,Riedl,"R-Respektvoll, I-Innig, E-Echt, D-Dankbar, L-Liebevoll",
354,Rieger,"R-Respektvoll, I-Innig, E-Echt, G-Geliebt, E-Ehrlich, R-Ruhig",
355,Ritter,"R-Respektvoll, I-Innig, T-Treu, T-Tatkräftig, E-Echt, R-Ruhig",
356,Rohde,"R-Respektvoll, O-Offen, H-Herzlich, D-Dankbar, E-Echt",
357,Rose,"R-Respektvoll, O-Offen, S-Stark, E-Echt",
358,Roth,"R-Respektvoll, O-Offen, T-Treu, H-Herzlich",
359,Rothe,"R-Respektvoll, O-Offen, T-Treu, H-Herzlich, E-Echt",
360,Rother,"R-Respektvoll, O-Offen, T-Treu, H-Herzlich, E-Echt, R-Ruhig",
361,Rudolph,"R-Respektvoll, U-Unkompliziert, D-Dankbar, O-Offen, L-Liebevoll, P-Positiv, H-Herzlich",
362,Ruf,"R-Respektvoll, U-Unkompliziert, F-Familienstark",
363,Runge,"R-Respektvoll, U-Unkompliziert, N-Nahbar, G-Geliebt, E-Echt",
364,Rupp,"R-Respektvoll, U-Unkompliziert, P-Positiv, P-Präsent",
365,Sander,"S-Stark, A-Achtsam, N-Nahbar, D-Dankbar, E-Echt, R-Respektvoll",
366,Sauer,"S-Stark, A-Achtsam, U-Unkompliziert, E-Echt, R-Respektvoll",
367,Sauter,"S-Stark, A-Achtsam, U-Unkompliziert, T-Treu, E-Echt, R-Respektvoll",
368,Schade,"S-Stark, C-Charakterstark, H-Herzlich, A-Achtsam, D-Dankbar, E-Echt",
369,Schaller,"S-Stark, C-Charakterstark, H-Herzlich, A-Achtsam, L-Liebevoll, L-Loyal, E-Echt, R-Respektvoll",
370,Scharf,"S-Stark, C-Charakterstark, H-Herzlich, A-Achtsam, R-Respektvoll, F-Familienstark",
371,Scheffler,"S-Stark, C-Charakterstark, H-Herzlich, E-Echt, F-Familienstark, F-Fest-verbunden, L-Liebevoll, E-Ehrlich, R-Respektvoll",
372,Schenk,"S-Stark, C-Charakterstark, H-Herzlich, E-Echt, N-Nahbar, K-Kraftvoll",
373,Scherer,"S-Stark, C-Charakterstark, H-Herzlich, E-Echt, R-Respektvoll, E-Ehrlich, R-Ruhig",
374,Schick,"S-Stark, C-Charakterstark, H-Herzlich, I-Innig, C-Charmant, K-Kraftvoll",
375,Schiller,"S-Stark, C-Charakterstark, H-Herzlich, I-Innig, L-Liebevoll, L-Loyal, E-Echt, R-Respektvoll",
376,Schilling,"S-Stark, C-Charakterstark, H-Herzlich, I-Innig, L-Liebevoll, L-Loyal, I-Inspirierend, N-Nahbar, G-Geliebt",
377,Schindler,"S-Stark, C-Charakterstark, H-Herzlich, I-Innig, N-Nahbar, D-Dankbar, L-Liebevoll, E-Echt, R-Respektvoll",
378,Schirmer,"S-Stark, C-Charakterstark, H-Herzlich, I-Innig, R-Respektvoll, M-Menschlich, E-Echt, R-Ruhig",
379,Schlegel,"S-Stark, C-Charakterstark, H-Herzlich, L-Liebevoll, E-Echt, G-Geliebt, E-Ehrlich, L-Loyal",
380,Schmid,"S-Stark, C-Charakterstark, H-Herzlich, M-Menschlich, I-Innig, D-Dankbar",
381,Schmidt,"S-Stark, C-Charakterstark, H-Herzlich, M-Menschlich, I-Innig, D-Dankbar, T-Treu",
382,Schmitt,"S-Stark, C-Charakterstark, H-Herzlich, M-Menschlich, I-Innig, T-Treu, T-Tatkräftig",
383,Schmitz,"S-Stark, C-Charakterstark, H-Herzlich, M-Menschlich, I-Innig, T-Treu, Z-Zusammenhaltend",
384,Schnabel,"S-Stark, C-Charakterstark, H-Herzlich, N-Nahbar, A-Achtsam, B-Beständig, E-Echt, L-Liebevoll",
385,Schneider,"S-Stark, C-Charakterstark, H-Herzlich, N-Nahbar, E-Echt, I-Innig, D-Dankbar, E-Ehrlich, R-Respektvoll",
386,Schnell,"S-Stark, C-Charakterstark, H-Herzlich, N-Nahbar, E-Echt, L-Liebevoll, L-Loyal",
387,Scholl,"S-Stark, C-Charakterstark, H-Herzlich, O-Offen, L-Liebevoll, L-Loyal",
388,Scholz,"S-Stark, C-Charakterstark, H-Herzlich, O-Offen, L-Liebevoll, Z-Zusammenhaltend",
389,Schott,"S-Stark, C-Charakterstark, H-Herzlich, O-Offen, T-Treu, T-Tatkräftig",
390,Schrader,"S-Stark, C-Charakterstark, H-Herzlich, R-Respektvoll, A-Achtsam, D-Dankbar, E-Echt, R-Ruhig",
391,Schramm,"S-Stark, C-Charakterstark, H-Herzlich, R-Respektvoll, A-Achtsam, M-Menschlich, M-Markant",
392,Schreiber,"S-Stark, C-Charakterstark, H-Herzlich, R-Respektvoll, E-Echt, I-Innig, B-Beständig, E-Ehrlich, R-Ruhig",
393,Schreiner,"S-Stark, C-Charakterstark, H-Herzlich, R-Respektvoll, E-Echt, I-Innig, N-Nahbar, E-Ehrlich, R-Ruhig",
394,Schubert,"S-Stark, C-Charakterstark, H-Herzlich, U-Unkompliziert, B-Beständig, E-Echt, R-Respektvoll, T-Treu",
395,Schuler,"S-Stark, C-Charakterstark, H-Herzlich, U-Unkompliziert, L-Liebevoll, E-Echt, R-Respektvoll",
396,Schulte,"S-Stark, C-Charakterstark, H-Herzlich, U-Unkompliziert, L-Liebevoll, T-Treu, E-Echt",
397,Schultz,"S-Stark, C-Charakterstark, H-Herzlich, U-Unkompliziert, L-Liebevoll, T-Treu, Z-Zusammenhaltend",
398,Schulz,"S-Stark, C-Charakterstark, H-Herzlich, U-Unkompliziert, L-Liebevoll, Z-Zusammenhaltend",
399,Schulze,"S-Stark, C-Charakterstark, H-Herzlich, U-Unkompliziert, L-Liebevoll, Z-Zusammenhaltend, E-Echt",
400,Schumacher,"S-Stark, C-Charakterstark, H-Herzlich, U-Unkompliziert, M-Menschlich, A-Achtsam, C-Charmant, H-Hilfsbereit, E-Echt, R-Respektvoll",
401,Schumann,"S-Stark, C-Charakterstark, H-Herzlich, U-Unkompliziert, M-Menschlich, A-Achtsam, N-Nahbar, N-Natürlich",
402,Schuster,"S-Stark, C-Charakterstark, H-Herzlich, U-Unkompliziert, S-Sympathisch, T-Treu, E-Echt, R-Respektvoll",
403,Schwab,"S-Stark, C-Charakterstark, H-Herzlich, W-Warmherzig, A-Achtsam, B-Beständig",
404,Schwarz,"S-Stark, C-Charakterstark, H-Herzlich, W-Warmherzig, A-Achtsam, R-Respektvoll, Z-Zusammenhaltend",
405,Schweizer,"S-Stark, C-Charakterstark, H-Herzlich, W-Warmherzig, E-Echt, I-Innig, Z-Zusammenhaltend, E-Ehrlich, R-Respektvoll",
406,Seeger,"S-Stark, E-Echt, E-Ehrlich, G-Geliebt, E-Engagiert, R-Respektvoll",
407,Seidel,"S-Stark, E-Echt, I-Innig, D-Dankbar, E-Ehrlich, L-Liebevoll",
408,Seidl,"S-Stark, E-Echt, I-Innig, D-Dankbar, L-Liebevoll",
409,Seifert,"S-Stark, E-Echt, I-Innig, F-Familienstark, E-Ehrlich, R-Respektvoll, T-Treu",
410,Seiler,"S-Stark, E-Echt, I-Innig, L-Liebevoll, E-Ehrlich, R-Respektvoll",
411,Seitz,"S-Stark, E-Echt, I-Innig, T-Treu, Z-Zusammenhaltend",
412,Siebert,"S-Stark, I-Innig, E-Echt, B-Beständig, E-Ehrlich, R-Respektvoll, T-Treu",
413,Siegel,"S-Stark, I-Innig, E-Echt, G-Geliebt, E-Ehrlich, L-Liebevoll",
414,Sievers,"S-Stark, I-Innig, E-Echt, V-Verbunden, E-Ehrlich, R-Respektvoll, S-Sympathisch",
415,Simon,"S-Stark, I-Innig, M-Menschlich, O-Offen, N-Nahbar",
416,Singer,"S-Stark, I-Innig, N-Nahbar, G-Geliebt, E-Echt, R-Respektvoll",
417,Sommer,"S-Stark, O-Offen, M-Menschlich, M-Markant, E-Echt, R-Respektvoll",
418,Sonntag,"S-Stark, O-Offen, N-Nahbar, N-Natürlich, T-Treu, A-Achtsam, G-Geliebt",
419,Specht,"S-Stark, P-Positiv, E-Echt, C-Charakterstark, H-Herzlich, T-Treu",
420,Springer,"S-Stark, P-Positiv, R-Respektvoll, I-Innig, N-Nahbar, G-Geliebt, E-Echt, R-Ruhig",
421,Stadler,"S-Stark, T-Treu, A-Achtsam, D-Dankbar, L-Liebevoll, E-Echt, R-Respektvoll",
422,Stahl,"S-Stark, T-Treu, A-Achtsam, H-Herzlich, L-Liebevoll",
423,Stark,"S-Stark, T-Treu, A-Achtsam, R-Respektvoll, K-Kraftvoll",
424,Steffen,"S-Stark, T-Treu, E-Echt, F-Familienstark, F-Fest-verbunden, E-Ehrlich, N-Nahbar",
425,Steffens,"S-Stark, T-Treu, E-Echt, F-Familienstark, F-Fest-verbunden, E-Ehrlich, N-Nahbar, S-Sympathisch",
426,Stein,"S-Stark, T-Treu, E-Echt, I-Innig, N-Nahbar",
427,Steinbach,"S-Stark, T-Treu, E-Echt, I-Innig, N-Nahbar, B-Beständig, A-Achtsam, C-Charakterstark, H-Herzlich",
428,Steiner,"S-Stark, T-Treu, E-Echt, I-Innig, N-Nahbar, E-Ehrlich, R-Respektvoll",
429,Stephan,"S-Stark, T-Treu, E-Echt, P-Positiv, H-Herzlich, A-Achtsam, N-Nahbar",
430,Stock,"S-Stark, T-Treu, O-Offen, C-Charakterstark, K-Kraftvoll",
431,Stoll,"S-Stark, T-Treu, O-Offen, L-Liebevoll, L-Loyal",
432,Stolz,"S-Stark, T-Treu, O-Offen, L-Liebevoll, Z-Zusammenhaltend",
433,Straub,"S-Stark, T-Treu, R-Respektvoll, A-Achtsam, U-Unkompliziert, B-Beständig",
434,Strobel,"S-Stark, T-Treu, R-Respektvoll, O-Offen, B-Beständig, E-Echt, L-Liebevoll",
435,Stumpf,"S-Stark, T-Treu, U-Unkompliziert, M-Menschlich, P-Positiv, F-Familienstark",
436,Sturm,"S-Stark, T-Treu, U-Unkompliziert, R-Respektvoll, M-Menschlich",
437,Thiel,"T-Treu, H-Herzlich, I-Innig, E-Echt, L-Liebevoll",
438,Thiele,"T-Treu, H-Herzlich, I-Innig, E-Echt, L-Liebevoll, E-Ehrlich",
439,Thomas,"T-Treu, H-Herzlich, O-Offen, M-Menschlich, A-Achtsam, S-Stark",
440,Timm,"T-Treu, I-Innig, M-Menschlich, M-Markant",
441,Uhlig,"U-Unkompliziert, H-Herzlich, L-Liebevoll, I-Innig, G-Geliebt",
442,Ullrich,"U-Unkompliziert, L-Liebevoll, L-Loyal, R-Respektvoll, I-Innig, C-Charakterstark, H-Herzlich",
443,Ulrich,"U-Unkompliziert, L-Liebevoll, R-Respektvoll, I-Innig, C-Charakterstark, H-Herzlich",
444,Unger,"U-Unkompliziert, N-Nahbar, G-Geliebt, E-Echt, R-Respektvoll",
445,Urban,"U-Unkompliziert, R-Respektvoll, B-Beständig, A-Achtsam, N-Nahbar",
446,Vetter,"V-Verbunden, E-Echt, T-Treu, T-Tatkräftig, E-Ehrlich, R-Respektvoll",
447,Vogel,"V-Verbunden, O-Offen, G-Geliebt, E-Echt, L-Liebevoll",
448,Vogt,"V-Verbunden, O-Offen, G-Geliebt, T-Treu",
449,Voigt,"V-Verbunden, O-Offen, I-Innig, G-Geliebt, T-Treu",
450,Vollmer,"V-Verbunden, O-Offen, L-Liebevoll, L-Loyal, M-Menschlich, E-Echt, R-Respektvoll",
451,Voss,"V-Verbunden, O-Offen, S-Stark, S-Sympathisch",
452,Wagner,"W-Warmherzig, A-Achtsam, G-Geliebt, N-Nahbar, E-Echt, R-Respektvoll",
453,Wahl,"W-Warmherzig, A-Achtsam, H-Herzlich, L-Liebevoll",
454,Walter,"W-Warmherzig, A-Achtsam, L-Liebevoll, T-Treu, E-Echt, R-Respektvoll",
455,Walther,"W-Warmherzig, A-Achtsam, L-Liebevoll, T-Treu, H-Herzlich, E-Echt, R-Respektvoll",
456,Walz,"W-Warmherzig, A-Achtsam, L-Liebevoll, Z-Zusammenhaltend",
457,Weber,"W-Warmherzig, E-Echt, B-Beständig, E-Ehrlich, R-Respektvoll",
458,Wegener,"W-Warmherzig, E-Echt, G-Geliebt, E-Ehrlich, N-Nahbar, E-Engagiert, R-Respektvoll",
459,Wegner,"W-Warmherzig, E-Echt, G-Geliebt, N-Nahbar, E-Ehrlich, R-Respektvoll",
460,Weidner,"W-Warmherzig, E-Echt, I-Innig, D-Dankbar, N-Nahbar, E-Ehrlich, R-Respektvoll",
461,Weigel,"W-Warmherzig, E-Echt, I-Innig, G-Geliebt, E-Ehrlich, L-Liebevoll",
462,Weis,"W-Warmherzig, E-Echt, I-Innig, S-Stark",
463,Weise,"W-Warmherzig, E-Echt, I-Innig, S-Stark, E-Ehrlich",
464,Weiss,"W-Warmherzig, E-Echt, I-Innig, S-Stark, S-Sympathisch",
465,Weller,"W-Warmherzig, E-Echt, L-Liebevoll, L-Loyal, E-Ehrlich, R-Respektvoll",
466,Wendt,"W-Warmherzig, E-Echt, N-Nahbar, D-Dankbar, T-Treu",
467,Wenzel,"W-Warmherzig, E-Echt, N-Nahbar, Z-Zusammenhaltend, E-Ehrlich, L-Liebevoll",
468,Werner,"W-Warmherzig, E-Echt, R-Respektvoll, N-Nahbar, E-Ehrlich, R-Ruhig",
469,Westphal,"W-Warmherzig, E-Echt, S-Stark, T-Treu, P-Positiv, H-Herzlich, A-Achtsam, L-Liebevoll",
470,Wetzel,"W-Warmherzig, E-Echt, T-Treu, Z-Zusammenhaltend, E-Ehrlich, L-Liebevoll",
471,Wichmann,"W-Warmherzig, I-Innig, C-Charakterstark, H-Herzlich, M-Menschlich, A-Achtsam, N-Nahbar, N-Natürlich",
472,Wiedemann,"W-Wrmherziag, I-Innig, E-Echt, D-Dankbar, E-Ehrlich, M-Menschlich, A-Achtsam, N-Nahbar, N-Natürlich",
473,Wiegand,"W-Warmherzig, I-Innig, E-Echt, G-Geliebt, A-Achtsam, N-Nahbar, D-Dankbar",
474,Wieland,"W-Warmherzig, I-Innig, E-Echt, L-Liebevoll, A-Achtsam, N-Nahbar, D-Dankbar",
475,Wiese,"W-Warmherzig, I-Innig, E-Echt, S-Stark, E-Ehrlich",
476,Wiesner,"W-Warmherzig, I-Innig, E-Echt, S-Stark, N-Nahbar, E-Ehrlich, R-Respektvoll",
477,Wild,"W-Warmherzig, I-Innig, L-Liebevoll, D-Dankbar",
478,Wilhelm,"W-Warmherzig, I-Innig, L-Liebevoll, H-Herzlich, E-Echt, L-Loyal, M-Menschlich",
479,Wilke,"W-Warmherzig, I-Innig, L-Liebevoll, K-Kraftvoll, E-Echt",
480,Will,"W-Warmherzig, I-Innig, L-Liebevoll, L-Loyal",
481,Wimmer,"W-Warmherzig, I-Innig, M-Menschlich, M-Markant, E-Echt, R-Respektvoll",
482,Winkelmann,"W-Warmherzig, I-Innig, N-Nahbar, K-Kraftvoll, E-Echt, L-Liebevoll, M-Menschlich, A-Achtsam, N-Natürlich, N-Nett",
483,Winkler,"W-Warmherzig, I-Innig, N-Nahbar, K-Kraftvoll, L-Liebevoll, E-Echt, R-Respektvoll",
484,Winter,"W-Warmherzig, I-Innig, N-Nahbar, T-Treu, E-Echt, R-Respektvoll",
485,Wirth,"W-Warmherzig, I-Innig, R-Respektvoll, T-Treu, H-Herzlich",
486,Wirtz,"W-Warmherzig, I-Innig, R-Respektvoll, T-Treu, Z-Zusammenhaltend",
487,Witt,"W-Warmherzig, I-Innig, T-Treu, T-Tatkräftig",
488,Witte,"W-Warmherzig, I-Innig, T-Treu, T-Tatkräftig, E-Echt",
489,Wittmann,"W-Warmherzig, I-Innig, T-Treu, T-Tatkräftig, M-Menschlich, A-Achtsam, N-Nahbar, N-Natürlich",
490,Wolf,"W-Warmherzig, O-Offen, L-Liebevoll, F-Familienstark",
491,Wolff,"W-Warmherzig, O-Offen, L-Liebevoll, F-Familienstark, F-Fest-verbunden",
492,Wolter,"W-Warmherzig, O-Offen, L-Liebevoll, T-Treu, E-Echt, R-Respektvoll",
493,Wulf,"W-Warmherzig, U-Unkompliziert, L-Liebevoll, F-Familienstark",
494,Wunderlich,"W-Warmherzig, U-Unkompliziert, N-Nahbar, D-Dankbar, E-Echt, R-Respektvoll, L-Liebevoll, I-Innig, C-Charakterstark, H-Herzlich",
495,Zahn,"Z-Zusammenhaltend, A-Achtsam, H-Herzlich, N-Nahbar",
496,Zander,"Z-Zusammenhaltend, A-Achtsam, N-Nahbar, D-Dankbar, E-Echt, R-Respektvoll",
497,Zeller,"Z-Zusammenhaltend, E-Echt, L-Liebevoll, L-Loyal, E-Ehrlich, R-Respektvoll",
498,Ziegler,"Z-Zusammenhaltend, I-Innig, E-Echt, G-Geliebt, L-Liebevoll, E-Ehrlich, R-Respektvoll",
499,Zimmer,"Z-Zusammenhaltend, I-Innig, M-Menschlich, M-Markant, E-Echt, R-Respektvoll",
500,Zimmermann,"Z-Zusammenhaltend, I-Innig, M-Menschlich, M-Markant, E-Echt, R-Respektvoll, M-Mitfühlend, A-Achtsam, N-Nahbar, N-Natürlich",